-- create tables
create table if not exists mydb.sports
(
    id int auto_increment not null primary key,
    name varchar(50) not null,
    status boolean not null default true,
    recUpdatedAt timestamp not null default current_timestamp on update current_timestamp,
    createdAt timestamp not null default current_timestamp
);

create table if not exists mydb.tours
(
    id int auto_increment not null primary key,
    name varchar(50) not null,
    sportId int not null,
    status boolean not null default true,
    startTime timestamp not null,
    endTime timestamp not null,
    recUpdatedAt timestamp not null default current_timestamp on update current_timestamp,
    createdAt timestamp not null default current_timestamp,
    foreign key (sportId) references sports(id)
);

create table if not exists mydb.matches
(
    id int auto_increment not null primary key,
    name varchar(50) not null,
    tourId int not null,
    status boolean not null default true,
    format varchar(50) not null,
    startTime timestamp not null,
    endTime timestamp not null,
    recUpdatedAt timestamp not null default current_timestamp on update current_timestamp,
    createdAt timestamp not null default current_timestamp,
    foreign key (tourId) references tours(id)
);

-- create indexes
CREATE INDEX idx_tour_name ON mydb.tours(name);

CREATE TABLE if not exists mydb.news
(
    id int auto_increment not null primary key,
    title varchar(255) not null,
    description text not null,
    matchId int,
    tourId int,
    createdAt timestamp not null default current_timestamp,
    updatedAt timestamp not null default current_timestamp on update current_timestamp,
    FOREIGN KEY (matchId) REFERENCES mydb.matches(id),
    FOREIGN KEY (tourId) REFERENCES mydb.tours(id)
);


-- seed data
insert ignore into mydb.sports (id, name) values (1, 'Cricket');
insert ignore into mydb.sports (id, name) values (2, 'Football');

insert ignore into mydb.tours (id, name, sportId, startTime, endTime) values (1, 'Indian Premier League, 2023', 1, '2023-04-09 00:00:00', '2023-05-30 00:00:00');
insert ignore into mydb.tours (id, name, sportId, startTime, endTime) values (2, 'India Super League, 2023', 2, '2023-04-21 00:00:00', '2023-06-20 00:00:00');
insert ignore into mydb.tours (id, name, sportId, startTime, endTime) values (3, 'India Tour of West Indies, 2023', 1, '2023-06-10 00:00:00', '2023-06-29 00:00:00');
insert ignore into mydb.tours (id, name, sportId, startTime, endTime) values (4, 'English Premier League, 2022', 2, '2022-04-09 00:00:00', '2022-05-30 00:00:00');

insert ignore into mydb.matches (name, tourId, format, startTime, endTime) values ('GT vs RCB', 1, 'T20', '2023-04-09 18:00:00', '2023-04-09 23:00:00');
insert ignore into mydb.matches (name, tourId, format, startTime, endTime) values ('CSK vs MI', 1, 'T20', '2023-04-10 18:00:00', '2021-04-10 23:00:00');
insert ignore into mydb.matches (name, tourId, format, startTime, endTime) values ('LSG vs KXIP', 1, 'T20', '2023-04-11 18:00:00', '2023-04-11 23:00:00');
insert ignore into mydb.matches (name, tourId, format, startTime, endTime) values ('RR vs SRH', 1, 'T20', '2023-04-12 18:00:00', '2023-04-12 23:00:00');
insert ignore into mydb.matches (name, tourId, format, startTime, endTime) values ('BLR vs BEN', 2, 'soccer', '2023-04-29 18:00:00', '2023-04-29 23:00:00');
insert ignore into mydb.matches (name, tourId, format, startTime, endTime) values ('ATK vs MCFC', 2, 'soccer', '2023-04-21 18:00:00', '2023-04-21 23:00:00');
insert ignore into mydb.matches (name, tourId, format, startTime, endTime) values ('KER vs JFC', 2, 'soccer', '2023-04-22 18:00:00', '2023-04-22 23:00:00');
insert ignore into mydb.matches (name, tourId, format, startTime, endTime) values ('IND vs WI', 3, 'ODI', '2023-06-10 10:00:00', '2023-06-10 23:00:00');
insert ignore into mydb.matches (name, tourId, format, startTime, endTime) values ('IND vs WI', 3, 'ODI', '2023-06-12 10:00:00', '2023-06-12 23:00:00');
insert ignore into mydb.matches (name, tourId, format, startTime, endTime) values ('IND vs WI', 3, 'ODI', '2023-06-14 10:00:00', '2023-06-14 23:00:00');
insert ignore into mydb.matches (name, tourId, format, startTime, endTime) values ('KER vs JFk', 4, 'soccer', '2022-04-09 18:00:00', '2022-04-09 23:00:00');


INSERT INTO mydb.news (title, description, matchId, tourId) VALUES
('Big Match Upcoming', 'The match between GT and RCB is highly anticipated by fans.', 1, 1),
('Match Postponed', 'The match between CSK and MI has been postponed due to weather conditions.', 2, 1),
('Player Injured', 'A key player in the LSG team got injured during practice.', 3, 1),
('Tickets Sold Out', 'The RR vs SRH match tickets are now sold out.', 4, 1),
('New Player Signed', 'BLR signs a new player ahead of the match against BEN.', 5, 2),
('Stadium Renovation', 'The stadium for ATK vs MCFC is undergoing a renovation.', 6, 2),
('Charity Match Announced', 'A charity match between KER and JFC has been announced.', 7, 2),
('Exclusive Interview', 'An exclusive interview with the captain of the IND team before their match against WI.', 8, 3),
('Training Camp', 'The WI team starts their training camp in preparation for the India tour.', 9, 3),
('Fan Event', 'A fan event scheduled for the India Super League.', NULL, 2),
('Season Highlights', 'A look back at the best moments from the English Premier League 2022.', NULL, 4);

